"latitude;""","longitude"";""","Country (en)"";""Country (de)"";""Country (local)"";""Country code"";""Continent"";""Capital"";""Population"";""Area"";""Coastline"";""Government form"";""Currency"";""Currency code"";""Dialing prefix"";""Birthrate"";""Deathrate"";""Url""",
67.709953,33.93911,"Afghanistan""Afghanistan""""Afganistan/Afqanestan""""AF""""Asia""""Kabul""346560326528600""Presidential islamic republic""""Afghani""""AFN""93346.9""https://www.laenderdaten.info/Asien/Afghanistan/index.php""",
20.168331,41.153332,"Egypt;""??gypten"";""Misr"";""EG"";""Africa"";""Cairo"";95688681;1001450;2450;""Presidential republic"";""Egypt Pound"";""EGP"";20;27.2;6;""https://www.laenderdaten.info/Afrika/Aegypten/index.php""",
1.659626,28.033886,"??land Islands;""??landinseln"";""??land"";""AX"";""Europe"";""Mariehamn"";29013;1580;0;""Autonomous region of Finland"";""Euro"";""EUR"";358;0;0;""https://www.laenderdaten.info/Europa/Aland/index.php""",
-170.132217,-14.270972,"Albania;""Albanien"";""Shqip?Æria"";""AL"";""Europe"";""Tirana"";2876101;28750;362;""Parliamentary republic"";""Lek"";""ALL"";355;11.9;7.2;""https://www.laenderdaten.info/Europa/Albanien/index.php""",
1.601554,42.546245,"Algeria;""Algerien"";""Al-JazaÉ??ir/Alg??rie"";""DZ"";""Africa"";""Algiers"";40606052;2381740;998;""Presidential republic"";""Algerian Dinar"";""DZD"";213;23.9;4.8;""https://www.laenderdaten.info/Afrika/Algerien/index.php""",
17.873887,-11.202692,"American Samoa;""Amerikanisch Samoa"";""Amerika Samoa"";""AS"";""Oceania"";""Pago Pago"";55599;200;116;""Presidential democracy (self-governing territory of the US)"";""US Dollar"";""USD"";""1-684"";17.5;4.2;""https://www.laenderdaten.info/Ozeanien/Amerikanisch-Samoa/index.php""",
-63.068615,18.220554,"Andorra;""Andorra"";""Andorra"";""AD"";""Europe"";""Andorra la Vella"";77281;470;0;""Parliamentary democracy"";""Euro"";""EUR"";376;9.5;3.9;""https://www.laenderdaten.info/Europa/Andorra/index.php""",
-0.071389,-75.250973,"Angola;""Angola"";""Angola"";""AO"";""Africa"";""Luanda"";28813463;1246700;1600;""Presidential republic"";""Kwanza"";""AOA"";244;42.3;8.7;""https://www.laenderdaten.info/Afrika/Angola/index.php""",
-61.796428,17.060816,"Anguilla;""Anguilla"";""Anguilla"";""AI"";""Central America"";""The Valley"";17087;91;61;""Parliamentary democracy (self-governing territory of the UK)"";""East Caribbean Dollar"";""XCD"";1809;0;0;""https://www.laenderdaten.info/Amerika/Anguilla/index.php""",
-63.616672,-38.416097,"Antarctica;""Antarktis"";;""AQ"";""Oceania"";;0;14000000;17968;""Foreign-administrated territory"";;;;0;0;""https://www.laenderdaten.info/Ozeanien/Antarktis/index.php""",
45.038189,40.069099,"Antigua and Barbuda;""Antigua und Barbuda"";""Antigua and Barbuda"";""AG"";""Central America"";""Saint JohnÉ??s"";100963;440;153;""Parliamentary democracy (under constitutional monarchy)"";""East Caribbean Dollar"";""XCD"";1809;16.4;5.8;""https://www.laenderdaten.info/Amerika/Antigua-Barbuda/index.php""",
-69.968338,12.52111,"Equatorial Guinea;""??quatorialguinea"";""Guinea Ecuatorial"";""GQ"";""Africa"";""Malabo"";1221490;28050;296;""Presidential republic"";""Central African Franc"";""XAF"";240;34.6;10.3;""https://www.laenderdaten.info/Afrika/Aequatorialguinea/index.php""",
133.775136,-25.274398,"Argentina;""Argentinien"";""Argentina"";""AR"";""South America"";""Buenos Aires"";43847430;2780400;4989;""Presidential republic"";""Argentine Peso"";""ARS"";54;17.4;7.6;""https://www.laenderdaten.info/Amerika/Argentinien/index.php""",
14.550072,47.516231,"Armenia;""Armenien"";""Hajastan"";""AM"";""Asia"";""Yerevan"";2924816;29740;0;""Semi-presidential republic"";""Dram"";""AMD"";374;13.8;9.7;""https://www.laenderdaten.info/Asien/Armenien/index.php""",
47.576927,40.143105,"Aruba;""Aruba"";""Aruba"";""AW"";""Central America"";""Oranjestad"";104822;180;69;""Parliamentary democracy (territory of the Kingdom of the Netherlands)"";""Florin"";""AWG"";297;11;8.6;""https://www.laenderdaten.info/Amerika/Aruba/index.php""",
-77.39628,25.03428,"Azerbaijan;""Aserbaidschan"";""Az??rbaycan"";""AZ"";""Asia"";""Baku"";9762274;86600;0;""Presidential republic"";""Manat"";""AZN"";994;17.2;5.7;""https://www.laenderdaten.info/Asien/Aserbaidschan/index.php""",
50.637772,25.930414,"Ethiopia;""??thiopien"";""YeItyop??iya"";""ET"";""Africa"";""Addis Ababa"";102403196;1104300;0;""Federal parliamentary republic"";""Birr"";""ETB"";251;32.3;7;""https://www.laenderdaten.info/Afrika/Aethiopien/index.php""",
90.356331,23.684994,"Australia;""Australien"";""Australia"";""AU"";""Australia"";""Canberra"";24127159;7741220;25760;""Parliamentary democracy (under constitutional monarchy)"";""Australian Dollar"";""AUD"";61;12.7;6.6;""https://www.laenderdaten.info/Australien/Australien/index.php""",
-59.543198,13.193887,"Bahamas;""Bahamas"";""The Bahamas"";""BS"";""Central America"";""Nassau"";391232;13880;3542;""Parliamentary democracy (under constitutional monarchy)"";""Bahamian Dollar"";""BSD"";1809;14.4;6.3;""https://www.laenderdaten.info/Amerika/Bahamas/index.php""",
27.953389,53.709807,"Bahrain;""Bahrain"";""Al-Bahrayn"";""BH"";""Asia"";""Manama"";1425171;771;161;""constitutional monarchy"";""Bahrain Dinar"";""BHD"";973;15.1;2.3;""https://www.laenderdaten.info/Asien/Bahrain/index.php""",
4.469936,50.503887,"Bangladesh;""Bangladesch"";""Bangladesh"";""BD"";""Asia"";""Dhaka"";162951560;147630;580;""Parliamentary republic"";""Taka"";""BDT"";880;19.3;5.3;""https://www.laenderdaten.info/Asien/Bangladesch/index.php""",
-88.49765,17.189877,"Barbados;""Barbados"";""Barbados"";""BB"";""Central America"";""Bridgetown"";284996;430;97;""Parliamentary democracy (under constitutional monarchy)"";""Barbadian Dollar"";""BBD"";1809;12;10.7;""https://www.laenderdaten.info/Amerika/Barbados/index.php""",
2.315834,9.30769,"Belarus;""Belarus"";""Belarus"";""BY"";""Europe"";""Minsk"";9507120;207600;0;""Presidential republic (in fact a dictatorship)"";""Belarus Rubel"";""BYR"";375;12.5;12.6;""https://www.laenderdaten.info/Europa/Belarus/index.php""",
-64.75737,32.321384,"Belgium;""Belgien"";""Belgi?Æ/Belgique"";""BE"";""Europe"";""Brussels"";11348159;30530;67;""Federal parliamentary republic (under constitutional monarchy)"";""Euro"";""EUR"";32;10.9;9.8;""https://www.laenderdaten.info/Europa/Belgien/index.php""",
90.433601,27.514162,"Belize;""Belize"";""Belize"";""BZ"";""Central America"";""Belmopan"";366954;22970;386;""Parliamentary democracy (under constitutional monarchy)"";""Belize Dollar"";""BZD"";501;22.7;5.5;""https://www.laenderdaten.info/Amerika/Belize/index.php""",
-63.588653,-16.290154,"Benin;""Benin"";""B??nin"";""BJ"";""Africa"";""Porto-Novo"";10872298;114760;121;""Presidential republic"";""West African Franc"";""XOF"";229;37.4;9.3;""https://www.laenderdaten.info/Afrika/Benin/index.php""",
17.679076,43.915886,"Bermuda;""Bermuda"";""Bermuda"";""BM"";""North America"";""Hamilton"";65331;53;103;""Parliamentary democracy (self-governing territory of the UK)"";""Bermudian Dollar"";""BMD"";1809;9.4;7.4;""https://www.laenderdaten.info/Amerika/Bermuda/index.php""",
24.684866,-22.328474,"Bhutan;""Bhutan"";""Druk-Yul"";""BT"";""Asia"";""Thimphu"";797765;38394;0;""constitutional monarchy"";""Ngultrum"";""BTN"";975;18.5;6;""https://www.laenderdaten.info/Asien/Bhutan/index.php""",
3.413194,-54.423199,"Bolivia;""Bolivien"";""Bolivia"";""BO"";""South America"";""Sucre"";10887882;1098580;0;""Presidential republic"";""Boliviano"";""BOB"";591;23.5;7.4;""https://www.laenderdaten.info/Amerika/Bolivien/index.php""",
-51.92528,-14.235004,"Bonaire, Saint Eustatius and Saba;""Bonaire"," Sint Eustatius und Saba"";;""BQ"";""Central America"";;24548;322;399;""Special municipalities of the Netherlands"";""US Dollar"";""USD"";""599-3/4/7"";0;0;""https://www.laenderdaten.info/Amerika/Bonaire/index.php"""
71.876519,-6.343194,"Bosnia and Herzegovina;""Bosnien und Herzegowina"";""Bosna i Hercegovina"";""BA"";""Europe"";""Sarajevo"";3516816;51210;20;""Parliamentary republic"";""Convertible Mark"";""BAM"";387;9.1;10.9;""https://www.laenderdaten.info/Europa/Bosnien-und-Herzegowina/index.php""",
-64.639968,18.420695,"Botswana;""Botswana"";""Botswana"";""BW"";""Africa"";""Gaborone"";2250260;581730;0;""Parliamentary republic"";""Pula"";""BWP"";267;24.1;7;""https://www.laenderdaten.info/Afrika/Botswana/index.php""",
114.727669,4.535277,"Bouvet Island;""Bouvetinsel"";""Bouvet??ya"";""BV"";""South America"";;0;49;30;""Territory of Norway"";""Norwegian Krone"";""NOK"";;0;0;""https://www.laenderdaten.info/Amerika/Bouvetinsel/index.php""",
25.48583,42.733883,"Brazil;""Brasilien"";""Brasil"";""BR"";""South America"";""Bras??lia"";207652865;8515770;7491;""Federal presidential republic"";""Real"";""BRL"";55;14.4;6.1;""https://www.laenderdaten.info/Amerika/Brasilien/index.php""",
-1.561593,12.238333,"British Indian Ocean Territory;""Britisches Territorium im Indischen Ozean"";""British Indian Ocean Territory"";""IO"";""Africa"";;0;54400;698;""British overseas territory"";""US Dollar"";""USD"";246;0;0;""https://www.laenderdaten.info/Afrika/Britisches-Territorium-im-Indischen-Ozean/index.php""",
95.956223,21.913965,"Brunei;""Brunei"";""Brunei Darussalam"";""BN"";""Asia"";""Bandar Seri Begawan"";423196;5770;161;""Absolute monarchy/sultanate"";""Brunei Dollar"";""BND"";673;16.1;3.5;""https://www.laenderdaten.info/Asien/Brunei/index.php""",
29.918886,-3.373056,"Bulgaria;""Bulgarien"";""Balgarija"";""BG"";""Europe"";""Sofia"";7127822;111000;354;""Parliamentary republic"";""Bulgarian Lev"";""BGN"";359;9.2;15.3;""https://www.laenderdaten.info/Europa/Bulgarien/index.php""",
104.990963,12.565679,"Burkina Faso;""Burkina Faso"";""Burkina Faso"";""BF"";""Africa"";""Ouagadougou"";18646433;274220;0;""Presidential republic"";""West African Franc"";""XOF"";226;39.4;8.8;""https://www.laenderdaten.info/Afrika/Burkina-Faso/index.php""",
12.354722,7.369722,"Burundi;""Burundi"";""Burundi/Uburundi"";""BI"";""Africa"";""Bujumbura"";10524117;27830;0;""Presidential republic"";""Burundi Franc"";""BIF"";257;42.7;11;""https://www.laenderdaten.info/Afrika/Burundi/index.php""",
-106.346771,56.130366,"Chile;""Chile"";""Chile"";""CL"";""South America"";""Santiago"";17909754;756096;6435;""Presidential republic"";""Chilean Peso"";""CLP"";56;13.4;6.1;""https://www.laenderdaten.info/Amerika/Chile/index.php""",
-24.013197,16.002082,"China;""China"";""Zhongquo"";""CN"";""Asia"";""Beijing"";1378665000;9562911;14500;""People's republic (communist 	one-party system)"";""Renminbi Yuan"";""CNY"";86;12.1;7.1;""https://www.laenderdaten.info/Asien/China/index.php""",
-82.0345582,33.3837507,"Cook Islands;""Cookinseln"";""The Cook Islands"";""CK"";""Oceania"";""Avarua"";9290;236;120;""Parliamentary democracy"";""Cook Dollar"";""CKD"";682;0;0;""https://www.laenderdaten.info/Ozeanien/Cookinseln/index.php""",
-80.566956,19.513469,"Costa Rica;""Costa Rica"";""Costa Rica"";""CR"";""Central America"";""San Jos??"";4857274;51100;1290;""Presidential republic"";""Col??n"";""CRC"";506;14.5;4.9;""https://www.laenderdaten.info/Amerika/Costa-Rica/index.php""",
20.939444,6.611111,"Curacao;""Cura??ao"";""K?˝rsou"";""CW"";""Central America"";""Willemstad"";159999;444;364;""Parliamentary republic"";""Netherlands Antillean Guilder"";""ANG"";""599-9"";11.9;8.8;""https://www.laenderdaten.info/Amerika/Curacao/index.php""",
18.732207,15.454166,"Denmark;""D??nemark"";""Danmark"";""DK"";""Europe"";""Copenhagen"";5731118;42922;7314;""Parliamentary constitutional monarchy"";""Danish Krona"";""DKK"";45;10.2;9.2;""https://www.laenderdaten.info/Europa/Daenemark/index.php""",
-71.542969,-35.675147,"Democratic Republic of the Congo;""Demokratische Republik Kongo"";""R??publique D??mocratique du Congo"";""CD"";""Africa"";""Kinshasa"";78736153;2344860;37;""Semi-presidential republic"";""Congolais Franc"";""CDF"";242;42.8;10.2;""https://www.laenderdaten.info/Afrika/Kongo-Kinshasa/index.php""",
104.195397,35.86166,"Germany;""Deutschland"";""Deutschland"";""DE"";""Europe"";""Berlin"";82667685;357380;2389;""Federal parliamentary republic"";""Euro"";""EUR"";49;9;11.3;""https://www.laenderdaten.info/Europa/Deutschland/index.php""",
105.690449,-10.447525,"Dominica;""Dominica"";""Dominica"";""DM"";""Central America"";""Roseau"";73543;750;148;""Parliamentary republic"";""East Caribbean Dollar"";""XCD"";1809;12;8.2;""https://www.laenderdaten.info/Amerika/Dominica/index.php""",
96.8333333,-12,"Dominican Republic;""Dominikanische Republik"";""Rep?ßblica Dominicana"";""DO"";""Central America"";""Santo Domingo"";10648791;48670;1288;""Presidential republic"";""Dominican Peso"";""DOP"";1809;20.5;6.1;""https://www.laenderdaten.info/Amerika/Dominikanische-Republik/index.php""",
-74.297333,4.570868,"Djibouti;""Dschibuti"";""Djibouti/Jibuti"";""DJ"";""Africa"";""Djibouti"";942333;23200;314;""Semi-presidential republic"";""Djibouti Franc"";""DJF"";253;23.4;8.4;""https://www.laenderdaten.info/Afrika/Dschibuti/index.php""",
43.872219,-11.875001,"Ecuador;""Ecuador"";""Ecuador"";""EC"";""South America"";""Quito"";16385068;256370;2237;""Presidential republic"";""US Dollar"";""USD"";593;20.5;5.1;""https://www.laenderdaten.info/Amerika/Ecuador/index.php""",
15.827659,-0.228021,"El Salvador;""El Salvador"";""El Salvador"";""SV"";""Central America"";""San Salvador"";6344722;21040;307;""Presidential republic"";""US Dollar"";""USD"";503;18.7;6.7;""https://www.laenderdaten.info/Amerika/El-Salvador/index.php""",
14.890707,-4.7136802,"Ivory Coast;""Elfenbeink?¨ste"";""C??te dÉ??Ivoire"";""CI"";""Africa"";""Yamoussoukro"";23695919;322460;515;""Presidential republic"";""West African Franc"";""XOF"";225;37.1;12.5;""https://www.laenderdaten.info/Afrika/Elfenbeinkueste/index.php""",
-159.777671,-21.236736,"Eritrea;""Eritrea"";""Ertra"";""ER"";""Africa"";""Asmara"";5918919;117600;2234;""Presidential republic"";""Nakfa"";""ERN"";291;32.8;7.1;""https://www.laenderdaten.info/Afrika/Eritrea/index.php""",
-83.753428,9.748917,"Estonia;""Estland"";""Eesti"";""EE"";""Europe"";""Tallinn"";1316481;45230;3794;""Parliamentary republic"";""Euro"";""EUR"";372;10.6;11.6;""https://www.laenderdaten.info/Europa/Estland/index.php""",
-5.54708,7.539989,"Falkland Islands;""Falklandinseln"";""Falkland Islands"";""FK"";""South America"";""Stanley"";2931;12173;1288;""Parliamentary democracy (self-governing territory of the UK)"";""Falklands Pound"";""FKP"";500;0;0;""https://www.laenderdaten.info/Amerika/Falklandinseln/index.php""",
15.2,45.1,"Faroe Islands;""F??r??er-Inseln"";""F??royar"";""FO"";""Europe"";""T??rshavn"";49117;1396;1117;""Parliamentary democracy (territory of the Kingdom of Denmark)"";""Faroese Krona"";""FOK"";298;12.4;7.7;""https://www.laenderdaten.info/Europa/Faeroeer-Inseln/index.php""",
-77.781167,21.521757,"Fiji;""Fidschi"";""Fiji Islands"";""FJ"";""Oceania"";""Suva"";898760;18270;1129;""Parliamentary republic"";""Fidschi Dollar"";""FJD"";679;19.7;7;""https://www.laenderdaten.info/Ozeanien/Fidschi/index.php""",
33.429859,35.126413,"Finland;""Finnland"";""Suomi"";""FI"";""Europe"";""Helsinki"";5495096;338420;1250;""Parliamentary republic"";""Euro"";""EUR"";358;10.1;9.6;""https://www.laenderdaten.info/Europa/Finnland/index.php""",
15.472962,49.817492,"France;""Frankreich"";""France"";""FR"";""Europe"";""Paris"";66896109;549087;3427;""Semi-presidential republic"";""Euro"";""EUR"";33;12;9;""https://www.laenderdaten.info/Europa/Frankreich/index.php""",
9.501785,56.26392,"French Guiana;""Franz??sisch-Guayana"";""Guyane fran??aise"";""GF"";""South America"";""Cayenne"";181000;83534;378;""French overseas territory"";""Euro"";""EUR"";594;0;0;""https://www.laenderdaten.info/Amerika/Franzoesisch-Guayana/index.php""",
42.590275,11.825138,"French Polynesia;""Franz??sisch-Polynesien"";""Polyn??sie fran??aise"";""PF"";""Oceania"";""Papeete"";280208;4000;2525;""Parliamentary democracy (territory of France)"";""Pacific Franc"";""XPF"";689;15.6;5.4;""https://www.laenderdaten.info/Ozeanien/Franzoesisch-Polynesien/index.php""",
-61.370976,15.414999,"French Southern and Antarctic Lands;""Franz??sische S?¨d- und Antarktisgebiete"";""Terres australes fran??aises"";""TF"";""Oceania"";""Port-aux-Fran??ais"";0;55;2800;""French overseas territory"";""Euro"";""EUR"";;0;0;""https://www.laenderdaten.info/Ozeanien/Franzoesische-Antarktis/index.php""",
-70.162651,18.735693,"Gabon;""Gabun"";""Le Gabon"";""GA"";""Africa"";""Libreville"";1979786;267670;885;""Presidential republic"";""Central African Franc"";""XAF"";241;30.1;7.8;""https://www.laenderdaten.info/Afrika/Gabun/index.php""",
125.727539,-8.874217,"Gambia;""Gambia"";""The Gambia"";""GM"";""Africa"";""Banjul"";2038501;11300;80;""Presidential republic"";""Dalasi"";""GMD"";220;40;8.2;""https://www.laenderdaten.info/Afrika/Gambia/index.php""",
-78.183406,-1.831239,"Georgia;""Georgien"";""Sakartvelo"";""GE"";""Asia"";""Tbilisi"";3719300;69700;310;""Semi-presidential republic"";""Georgian Lari"";""GEL"";995;13.8;13.3;""https://www.laenderdaten.info/Asien/Georgien/index.php""",
30.802498,26.820553,"Ghana;""Ghana"";""Ghana"";""GH"";""Africa"";""Accra"";28206728;238540;539;""Presidential republic"";""Ghana Cedi"";""GHS"";233;31.6;8.3;""https://www.laenderdaten.info/Afrika/Ghana/index.php""",
-88.89653,13.794185,"Gibraltar;""Gibraltar"";""Gibraltar"";""GI"";""Europe"";""Gibraltar"";34408;10;12;""Parliamentary democracy (self-governing territory of the UK)"";""Gibraltar Pound"";""GIP"";350;0;0;""https://www.laenderdaten.info/Europa/Gibraltar/index.php""",
10.267895,1.650801,"Grenada;""Grenada"";""Grenada"";""GD"";""Central America"";""Saint George's"";107317;340;121;""Parliamentary democracy"";""East Caribbean Dollar"";""XCD"";1809;19;7.1;""https://www.laenderdaten.info/Amerika/Grenada/index.php""",
39.782334,15.179384,"Greece;""Griechenland"";""Ell?≠da"";""GR"";""Europe"";""Athens"";10746740;131960;13676;""Parliamentary republic"";""Euro"";""EUR"";30;8.5;11.2;""https://www.laenderdaten.info/Europa/Griechenland/index.php""",
25.013607,58.595272,"Greenland;""Gr??nland"";""Kalaallit Nunaat/Gr??nland"";""GL"";""North America"";""Nuuk"";56186;2166000;44087;""Parliamentary democracy (territory of the Kingdom of Denmark)"";""Danish Krona"";""DKK"";299;15.2;8.5;""https://www.laenderdaten.info/Amerika/Groenland/index.php""",
40.489673,9.145,"Guadeloupe;""Guadeloupe"";""Guadeloupe"";""GP"";""Central America"";""Basse-Terre"";456000;1628;0;""French overseas territory"";""Euro"";""EUR"";590;0;0;""https://www.laenderdaten.info/Amerika/Guadeloupe/index.php""",
-59.8902528,-51.8955991,"Guam;""Guam"";""Guam"";""GU"";""Oceania"";""Hag?ùt?Òa"";162896;540;149;""Presidential democracy (self-governing unincorporated territory of the US)"";""US Dollar"";""USD"";671;16.9;5;""https://www.laenderdaten.info/Ozeanien/Guam/index.php""",
-6.911806,61.892635,"Guatemala;""Guatemala"";""Guatemala"";""GT"";""Central America"";""Guatemala City"";16582469;108890;400;""Presidential republic"";""Quetzal"";""GTQ"";502;25.6;4.9;""https://www.laenderdaten.info/Amerika/Guatemala/index.php""",
179.414413,-16.578193,"Guernsey;""Guernsey"";""Bailiwick of Guernsey"";""GG"";""Europe"";""Saint Peter Port"";66502;78;50;""Parliamentary democracy (autonomous Crown dependency of the UK)"";""Guernsey Pound"";""GGP"";44;0;0;""https://www.laenderdaten.info/Europa/Guernsey/index.php""",
25.748151,61.92411,"Guinea;""Guinea"";""Guin??e"";""GN"";""Africa"";""Conakry"";12395924;245860;320;""Presidential republic"";""Guinea Franc"";""GNF"";224;36.4;9.6;""https://www.laenderdaten.info/Afrika/Guinea/index.php""",
2.213749,46.227638,"Guinea-Bissau;""Guinea-Bissau"";""Guin??-Bissau"";""GW"";""Africa"";""Bissau"";1815698;36130;350;""Semi-presidential republic"";""West African Franc"";""XOF"";245;37.1;10.8;""https://www.laenderdaten.info/Afrika/Guinea-Bissau/index.php""",
2,46,"Guyana;""Guyana"";""Guyana"";""GY"";""South America"";""Georgetown"";773303;214970;459;""Parliamentary republic"";""Guyana Dollar"";""GYD"";592;20.7;8.2;""https://www.laenderdaten.info/Amerika/Guyana/index.php""",
-53.125782,3.933889,"Haiti;""Haiti"";""Ha??ti/Dayti"";""HT"";""Central America"";""Port-au-Prince"";10847334;27750;1771;""Semi-presidential republic"";""Gourde"";""HTG"";509;24.5;8.7;""https://www.laenderdaten.info/Amerika/Haiti/index.php""",
-149.406843,-17.679742,"Heard Island and McDonald Islands;""Heard und McDonaldinseln"";""Heard and McDonald Islands"";""HM"";""Australia"";;0;372;102;""Australian overseas department"";""Australian Dollar"";""AUD"";;0;0;""https://www.laenderdaten.info/Australien/Heard-und-McDonaldinseln/index.php""",
70.024982,-49.4499605,"Honduras;""Honduras"";""Honduras"";""HN"";""Central America"";""Tegucigalpa"";9112867;112490;669;""Presidential republic"";""Lempira"";""HNL"";504;22;4.8;""https://www.laenderdaten.info/Amerika/Honduras/index.php""",
11.609444,-0.803689,"Hong Kong;""Hongkong"";""Xianggang/Hong Kong"";""HK"";""Asia"";""Hong Kong"";7346700;1105;733;""Presidential limited democracy (special administrative region of China)"";""Hong Kong Dollar"";""HKD"";852;8.2;6.3;""https://www.laenderdaten.info/Asien/Hongkong/index.php""",
-15.310139,13.443182,"India;""Indien"";""Bharat/India"";""IN"";""Asia"";""New Delhi"";1324171354;3287259;7000;""Federal parliamentary republic"";""Indian Rupee"";""INR"";91;19.3;7.3;""https://www.laenderdaten.info/Asien/Indien/index.php""",
-82.907123,32.1574351,"Indonesia;""Indonesien"";""Indonesia"";""ID"";""Asia"";""Jakarta"";261115456;1910931;54716;""Presidential republic"";""Idonesian Rupee"";""IDR"";62;19.4;7.1;""https://www.laenderdaten.info/Asien/Indonesien/index.php""",
10.451526,51.165691,"Isle of Man;""Insel Man"";""Isle of Man"";""IM"";""Europe"";""Douglas"";83737;570;160;""Parliamentary democracy (autonomous Crown dependency of the UK)"";""Manx Pound"";""IMP"";""44-1624"";11.4;9.8;""https://www.laenderdaten.info/Europa/Insel-Man/index.php""",
-1.023194,7.946527,"Iraq;""Irak"";""Al-??Iraq"";""IQ"";""Asia"";""Baghdad"";37202572;435050;58;""Federal parliamentary republic"";""Iraqi Dinar"";""IQD"";964;33.6;5.1;""https://www.laenderdaten.info/Asien/Irak/index.php""",
-5.345374,36.137741,"Iran;""Iran"";""Iran"";""IR"";""Asia"";""Tehran"";80277428;1745150;2440;""Islamic Republic"";""Iranian Rial"";""IRR"";98;17.1;4.5;""https://www.laenderdaten.info/Asien/Iran/index.php""",
21.824312,39.074208,"Ireland;""Irland"";""Ireland/??ire"";""IE"";""Europe"";""Dublin"";4773095;70280;1448;""Parliamentary republic"";""Euro"";""EUR"";353;14.2;6.4;""https://www.laenderdaten.info/Europa/Irland/index.php""",
-42.604303,71.706936,"Iceland;""Island"";""?çsland"";""IS"";""Europe"";""Reykjav??k"";334252;103000;4970;""Parliamentary republic"";""Icelandic Krone"";""ISK"";354;12.5;6.6;""https://www.laenderdaten.info/Europa/Island/index.php""",
-61.604171,12.262776,"Israel;""Israel"";""YisraÉ??el/IsraÉ??il"";""IL"";""Asia"";""Jerusalem"";8547100;22070;273;""Parliamentary democracy"";""Shekel"";""ILS"";972;21.3;5.3;""https://www.laenderdaten.info/Asien/Israel/index.php""",
-62.067641,16.995971,"Italy;""Italien"";""Italia"";""IT"";""Europe"";""Rome"";60600590;301340;7600;""Parliamentary republic"";""Euro"";""EUR"";39;8;10.7;""https://www.laenderdaten.info/Europa/Italien/index.php""",
144.793731,13.444304,"Jamaica;""Jamaika"";""Jamaica"";""JM"";""Central America"";""Kingston"";2881355;10990;1022;""Parliamentary democracy (under constitutional monarchy)"";""Jamaica Dollar"";""JMD"";1876;16.8;6.9;""https://www.laenderdaten.info/Amerika/Jamaika/index.php""",
-90.230759,15.783471,"Japan;""Japan"";""Nihon/Nippon"";""JP"";""Asia"";""Tokyo"";126994511;377962;29751;""Parliamentary constitutional monarchy"";""Japanese Yen"";""JPY"";81;7.9;10.1;""https://www.laenderdaten.info/Asien/Japan/index.php""",
-9.696645,9.945587,"Yemen;""Jemen"";""Al-Yaman"";""YE"";""Asia"";""Sanaa"";27584213;527970;1906;""republic"";""Jemen Rial"";""YER"";967;32.2;6.5;""https://www.laenderdaten.info/Asien/Jemen/index.php""",
-15.180413,11.803749,"Jersey;""Jersey"";""Bailiwick of Jersey"";""JE"";""Europe"";""Saint Helier"";98840;116;70;""Parliamentary democracy (autonomous Crown dependency of the UK)"";""Jersey Sterling Pound"";""JEP"";44;0;0;""https://www.laenderdaten.info/Europa/Jersey/index.php""",
-58.93018,4.860416,"Jordan;""Jordanien"";""Al-Urdunn"";""JO"";""Asia"";""Amman"";9455802;89320;26;""Parliamentary constitutional monarchy"";""Jordanian Dinar"";""JOD"";962;27;3.8;""https://www.laenderdaten.info/Asien/Jordanien/index.php""",
-72.285215,18.971187,"British Virgin Islands;""Jungferninseln (UK)"";""British Virgin Islands"";""VG"";""Central America"";""Road Town"";30661;150;80;""Parliamentary democracy (self-governing territory of the UK)"";""US Dollar"";""USD"";""1-284"";0;0;""https://www.laenderdaten.info/Amerika/Jungferninseln-UK/index.php""",
73.5,-53.1,"Virgin Islands;""Jungferninseln (US)"";""Virgin Islands of the United States"";""VI"";""Central America"";""Charlotte Amalie"";102951;350;188;""Presidential democracy (self-governing territory of the US)"";""US Dollar"";""USD"";1809;10.3;8.5;""https://www.laenderdaten.info/Amerika/Jungferninseln-US/index.php""",
-86.241905,15.199999,"Cayman Islands;""Kaimaninseln"";""Cayman Islands"";""KY"";""Central America"";""George Town"";60765;264;160;""Parliamentary democracy (self-governing territory of the UK)"";""Cayman Dollar"";""KYD"";1809;12.2;2.6;""https://www.laenderdaten.info/Amerika/Kaimaninseln/index.php""",
-95.8116677,30.0337427,"Cambodia;""Kambodscha"";""K?õmpuch??a"";""KH"";""Asia"";""Phnom Penh"";15762370;181040;443;""Parliamentary constitutional monarchy"";""Riel"";""KHR"";855;23.7;6.1;""https://www.laenderdaten.info/Asien/Kambodscha/index.php""",
114.109497,22.396428,"Cameroon;""Kamerun"";""Cameroun/Cameroon"";""CM"";""Africa"";""Yaound??"";23439189;475440;402;""Presidential republic"";""Central African Franc"";""XAF"";237;36.8;10.3;""https://www.laenderdaten.info/Afrika/Kamerun/index.php""",
19.503304,47.162494,"Canada;""Kanada"";""Canada"";""CA"";""North America"";""Ottawa"";36286425;9984670;202080;""Federal parliamentary republic (under constitutional monarchy)"";""Canadian Dollar"";""CAD"";1;10.9;7.5;""https://www.laenderdaten.info/Amerika/Kanada/index.php""",
-19.020835,64.963051,"Cape Verde;""Kap Verde"";""Cabo Verde"";""CV"";""Africa"";""Praia"";539560;4030;965;""Parliamentary republic"";""Cape Verdean Escudo"";""CVE"";238;21.1;5.6;""https://www.laenderdaten.info/Afrika/Kap-Verde/index.php""",
78.96288,20.593684,"Kazakhstan;""Kasachstan"";""Qazaqstan"";""KZ"";""Asia"";""Astana"";17797032;2724902;0;""Presidential republic"";""Tenge"";""KZT"";7;22.7;7.5;""https://www.laenderdaten.info/Asien/Kasachstan/index.php""",
113.921327,-0.789275,"Qatar;""Katar"";""Qatar"";""QA"";""Asia"";""Doha"";2569804;11610;563;""Absolute monarchy"";""Qatari Rial"";""QAR"";974;10.3;1.5;""https://www.laenderdaten.info/Asien/Katar/index.php""",
53.688046,32.427908,"Kenya;""Kenia"";""Kenya"";""KE"";""Africa"";""Nairobi"";48461567;580370;536;""Presidential republic"";""Kenianische Schilling"";""KES"";254;31.8;5.8;""https://www.laenderdaten.info/Afrika/Kenia/index.php""",
43.679291,33.223191,"Kyrgyzstan;""Kirgisistan"";""Kyrgyzstan"";""KG"";""Asia"";""Bishkek"";6082700;199949;0;""Parliamentary republic"";""Som"";""KGS"";996;27.4;5.8;""https://www.laenderdaten.info/Asien/Kirgisistan/index.php""",
-8.24389,53.41291,"Kiribati;""Kiribati"";""Kiribati"";""KI"";""Oceania"";""Tarawa"";114395;810;1143;""Presidential republic"";""Kiribati Dollar"";""KID"";686;28.5;7;""https://www.laenderdaten.info/Ozeanien/Kiribati/index.php""",
34.851612,31.046051,"Cocos Islands;""Kokosinseln"";""Cocos (Keeling) Islands"";""CC"";""Australia"";""Avarua"";596;14;26;""(non-self-governing territory of Australia)"";""Australian Dollar"";""AUD"";891;0;0;""https://www.laenderdaten.info/Australien/Kokosinseln/index.php""",
12.56738,41.87194,"Colombia;""Kolumbien"";""Colombia"";""CO"";""South America"";""Bogot?≠"";48653419;1141749;3208;""Presidential republic"";""Colombian Peso"";""COP"";57;15.5;5.9;""https://www.laenderdaten.info/Amerika/Kolumbien/index.php""",
-77.297508,18.109581,"Comoros;""Komoren"";""Komori/Comores"";""KM"";""Africa"";""Moroni"";795601;1861;340;""Federal presidential republic"";""Comorian Franc"";""KMF"";269;33.3;7.5;""https://www.laenderdaten.info/Afrika/Komoren/index.php""",
138.252924,36.204824,"Republic of the Congo;""Kongo"";""Congo"";""CG"";""Africa"";""Brazzaville"";5125821;342000;169;""Presidential republic"";""Congolais Franc"";""CDF"";242;35.2;7.6;""https://www.laenderdaten.info/Afrika/Kongo-Brazzaville/index.php""",
36.238414,30.585164,"Kosovo;""Kosovo"";""Kosova"";""XK"";""Europe"";""Pristina"";1816200;10887;0;""Parliamentary republic"";""Euro"";""EUR"";383;17.1;7;""https://www.laenderdaten.info/Europa/Kosovo/index.php""",
66.923684,48.019573,"Croatia;""Kroatien"";""Hrvatska"";""HR"";""Europe"";""Zagreb"";4170600;56590;5835;""Parliamentary republic"";""Kuna"";""HRK"";385;8.9;12.9;""https://www.laenderdaten.info/Europa/Kroatien/index.php""",
37.906193,-0.023559,"Cuba;""Kuba"";""Cuba"";""CU"";""Central America"";""Havana"";11475982;109880;3735;""Republic (communist one-party system)"";""Cuban Peso"";""CUP"";53;11;7.9;""https://www.laenderdaten.info/Amerika/Kuba/index.php""",
-168.734039,-3.370417,"Kuwait;""Kuwait"";""Al-Kuwayt"";""KW"";""Asia"";""Kuwait City"";4052584;17820;499;""constitutional monarchy"";""Kuwaiti Dinar"";""KWD"";965;16.9;2.7;""https://www.laenderdaten.info/Asien/Kuwait/index.php""",
127.766922,35.907757,"Laos;""Laos"";""Lao"";""LA"";""Asia"";""Vientiane"";6758353;236800;0;""Republic (communist one-party system)"";""Kip"";""LAK"";856;24.3;6.8;""https://www.laenderdaten.info/Asien/Laos/index.php""",
127.766922,35.907757,"Lesotho;""Lesotho"";""Lesotho"";""LS"";""Africa"";""Maseru"";2203821;30360;0;""Parliamentary constitutional monarchy"";""Lesotho Loti"";""LSL"";266;28.2;12.9;""https://www.laenderdaten.info/Afrika/Lesotho/index.php""",
47.481766,29.31166,"Latvia;""Lettland"";""Latvija"";""LV"";""Europe"";""Riga"";1960424;64490;498;""Parliamentary republic"";""Euro"";""EUR"";371;11.1;14.4;""https://www.laenderdaten.info/Europa/Lettland/index.php""",
74.766098,41.20438,"Lebanon;""Libanon"";""Lubnan"";""LB"";""Asia"";""Beirut"";6006668;10450;225;""Parliamentary republic"";""Lebanese Pound"";""LBP"";961;15.4;4.6;""https://www.laenderdaten.info/Asien/Libanon/index.php""",
102.495496,19.85627,"Liberia;""Liberia"";""Liberia"";""LR"";""Africa"";""Monrovia"";4613823;111370;579;""Presidential republic"";""Liberian Dollar"";""LRD"";231;34.7;8.1;""https://www.laenderdaten.info/Afrika/Liberia/index.php""",
24.603189,56.879635,"Libya;""Libyen"";""Libiya"";""LY"";""Africa"";""Tripoli"";6293253;1759540;1770;""Republic (transitional government after dictatorship)"";""Libyan Dinar"";""LYD"";218;20.2;5.2;""https://www.laenderdaten.info/Afrika/Libyen/index.php""",
35.862285,33.854721,"Liechtenstein;""Liechtenstein"";""Liechtenstein"";""LI"";""Europe"";""Vaduz"";37666;160;0;""constitutional monarchy"";""Swiss Franc"";""CHF"";423;8.7;6.7;""https://www.laenderdaten.info/Europa/Liechtenstein/index.php""",
28.233608,-29.609988,"Lithuania;""Litauen"";""Lietuva"";""LT"";""Europe"";""Vilnius"";2872298;65286;90;""Semi-presidential republic"";""Euro"";""EUR"";370;10.8;14.1;""https://www.laenderdaten.info/Europa/Litauen/index.php""",
-9.429499,6.428055,"Luxembourg;""Luxemburg"";""Luxembourg/L?Ætzebuerg"";""LU"";""Europe"";""Luxembourg"";582972;2590;0;""constitutional monarchy"";""Euro"";""EUR"";352;10.7;7;""https://www.laenderdaten.info/Europa/Luxemburg/index.php""",
17.228331,26.3351,"Macau;""Macau"";""Macau/Aomen"";""MO"";""Asia"";""Concelho de Macau"";612167;30;41;""Presidential limited democracy (special administrative region of China)"";""Macanese Pataca"";""MOP"";853;12;3.8;""https://www.laenderdaten.info/Asien/Macau/index.php""",
9.555373,47.166,"Madagascar;""Madagaskar"";""Madagasikara/Madagascar"";""MG"";""Africa"";""Antananarivo"";24894551;587295;4828;""Semi-presidential republic"";""Malagasy Ariary"";""MGA"";261;33.4;6.5;""https://www.laenderdaten.info/Afrika/Madagaskar/index.php""",
23.881275,55.169438,"Malawi;""Malawi"";""Malawi"";""MW"";""Africa"";""Lilongwe"";18091575;118480;0;""Presidential republic"";""Kwacha"";""MWK"";265;37.1;7.5;""https://www.laenderdaten.info/Afrika/Malawi/index.php""",
6.129583,49.815273,"Malaysia;""Malaysia"";""Malaysia"";""MY"";""Asia"";""Kuala Lumpur"";31187265;330800;4675;""Federal constitutional monarchy"";""Ringgit"";""MYR"";60;17.1;4.9;""https://www.laenderdaten.info/Asien/Malaysia/index.php""",
113.543873,22.198745,"Maldives;""Malediven"";""Dhivehi Raajje/Maldives"";""MV"";""Asia"";""Male"";417492;300;644;""Presidential republic"";""Maldivian Rufiyaa"";""MVR"";960;18.8;3.4;""https://www.laenderdaten.info/Asien/Malediven/index.php""",
21.745275,41.608635,"Mali;""Mali"";""Mali"";""ML"";""Africa"";""Bamako"";17994837;1240190;0;""Semi-presidential republic"";""West African Franc"";""XOF"";223;43.2;10.7;""https://www.laenderdaten.info/Afrika/Mali/index.php""",
46.869107,-18.766947,"Malta;""Malta"";""Malta"";""MT"";""Europe"";""Valletta"";436947;320;197;""Parliamentary republic"";""Euro"";""EUR"";356;10;8;""https://www.laenderdaten.info/Europa/Malta/index.php""",
34.301525,-13.254308,"Morocco;""Marokko"";""Al-Maghrib"";""MA"";""Africa"";""Rabat"";35276786;446550;1835;""Parliamentary constitutional monarchy"";""Moroccan Dirham"";""MAD"";212;20.4;5.1;""https://www.laenderdaten.info/Afrika/Marokko/index.php""",
101.975766,4.210484,"Marshall Islands;""Marshallinseln"";""Marshall Islands/Majol"";""MH"";""Oceania"";""Majuro"";53066;180;370;""Presidential republic"";""US Dollar"";""USD"";692;31.2;3.7;""https://www.laenderdaten.info/Ozeanien/Marshallinseln/index.php""",
73.22068,3.202778,"Martinique;""Martinique"";""Martinique"";""MQ"";""Central America"";""Fort-de-France"";395000;1128;0;""French overseas territory"";""Euro"";""EUR"";596;0;0;""https://www.laenderdaten.info/Amerika/Martinique/index.php""",
-3.996166,17.570692,"Mauritania;""Mauretanien"";""Muritaniya/Mauritanie"";""MR"";""Africa"";""Nouakchott"";4301018;1030700;754;""Presidential republic"";""Ouguiya"";""MRO"";222;34.6;8;""https://www.laenderdaten.info/Afrika/Mauretanien/index.php""",
14.375416,35.937496,"Mauritius;""Mauritius"";""Mauritius"";""MU"";""Africa"";""Port Louis"";1263473;2040;177;""Parliamentary republic"";""Mauritian Rupee"";""MUR"";230;10.1;7.7;""https://www.laenderdaten.info/Afrika/Mauritius/index.php""",
171.184478,7.131474,"Mayotte;""Mayotte"";""Mayotte"";""YT"";""Africa"";""Mamoudzou"";223765;374;0;""French overseas territory"";""Euro"";""EUR"";269;0;0;""https://www.laenderdaten.info/Afrika/Mayotte/index.php""",
-61.024174,14.641528,"Macedonia;""Mazedonien"";""Makedonija"";""MK"";""Europe"";""Skopje"";2081206;25710;0;""Parliamentary republic"";""Denar"";""MKD"";389;11.3;9.7;""https://www.laenderdaten.info/Europa/Mazedonien/index.php""",
-10.940835,21.00789,"Mexico;""Mexiko"";""M??xico"";""MX"";""Central America"";""Mexico City"";127540423;1964380;9330;""Federal presidential republic"";""Mexican Peso"";""MXN"";52;18.5;4.8;""https://www.laenderdaten.info/Amerika/Mexiko/index.php""",
57.552152,-20.348404,"Micronesia, Federated States of;""Mikronesien"";""Micronesia"";""FM"";""Oceania"";;104937;700;6112;""Federal republic"";""US Dollar"";""USD"";691;23.6;6.2;""https://www.laenderdaten.info/Ozeanien/Mikronesien/index.php""",
45.166244,-12.8275,"Moldova;""Moldawien"";""Moldova"";""MD"";""Europe"";""Chisinau"";3552000;33850;0;""Parliamentary republic"";""Leu"";""MDL"";373;10.5;11.4;""https://www.laenderdaten.info/Europa/Moldawien/index.php""",
-102.552784,23.634501,"Monaco;""Monaco"";""Monaco"";""MC"";""Europe"";""Monaco"";38499;2;4;""constitutional monarchy"";""Euro"";""EUR"";3393;8.1;7.6;""https://www.laenderdaten.info/Europa/Monaco/index.php""",
150.550812,7.425554,"Mongolia;""Mongolei"";""Mongol Uls"";""MN"";""Asia"";""Ulaanbaatar"";3027398;1564120;0;""Semi-presidential republic"";""Tugrik"";""MNT"";976;24.7;6.3;""https://www.laenderdaten.info/Asien/Mongolei/index.php""",
28.369885,47.411631,"Montenegro;""Montenegro"";;""ME"";""Europe"";""Podgorica"";622781;13810;294;""Parliamentary republic"";""Euro"";""EUR"";382;11.5;9.8;""https://www.laenderdaten.info/Europa/Montenegro/index.php""",
7.412841,43.750298,"Montserrat;""Montserrat"";""Montserrat"";""MS"";""Central America"";""Brades"";5292;102;40;""Parliamentary democracy (self-governing territory of the UK)"";""East Caribbean Dollar"";""XCD"";1809;0;0;""https://www.laenderdaten.info/Amerika/Montserrat/index.php""",
103.846656,46.862496,"Mozambique;""Mosambik"";""Mo??ambique"";""MZ"";""Africa"";""Maputo"";28829476;799380;2470;""Presidential republic"";""Metical"";""MZN"";258;39.4;10.4;""https://www.laenderdaten.info/Afrika/Mosambik/index.php""",
-62.187366,16.742498,"Burma;""Myanmar"";""Myanma Pye"";""MM"";""Asia"";""Nay Pyi Taw"";52885223;676590;1930;""Parliamentary republic"";""Kyat"";""MMK"";95;18;8.1;""https://www.laenderdaten.info/Asien/Myanmar/index.php""",
-7.09262,31.791702,"Namibia;""Namibia"";""Namibia"";""NA"";""Africa"";""Windhoek"";2479713;824290;1572;""Presidential republic"";""Namibian Dollar"";""NAD"";264;29.6;7.5;""https://www.laenderdaten.info/Afrika/Namibia/index.php""",
35.529562,-18.665695,"Nauru;""Nauru"";""Naoero/Nauru"";""NR"";""Oceania"";""Yaren"";13049;20;30;""Parliamentary republic"";""Australian Dollar"";""AUD"";674;0;0;""https://www.laenderdaten.info/Ozeanien/Nauru/index.php""",
95.956223,21.913965,"Nepal;""Nepal"";""Nepal"";""NP"";""Asia"";""Kathmandu"";28982771;147180;0;""Federal parliamentary republic"";""Nepalese Rupee"";""NPR"";977;20;6.3;""https://www.laenderdaten.info/Asien/Nepal/index.php""",
18.49041,-22.95764,"New Caledonia;""Neukaledonien"";""Nouvelle-Cal??donie"";""NC"";""Oceania"";""Noum??a"";278000;18580;2254;""Parliamentary democracy (territory of France)"";""Pacific Franc"";""XPF"";687;16.4;5.3;""https://www.laenderdaten.info/Ozeanien/Neukaledonien/index.php""",
166.931503,-0.522778,"New Zealand;""Neuseeland"";""New Zealand/Aotearoa"";""NZ"";""Australia"";""Wellington"";4692700;267710;15134;""Parliamentary democracy (under constitutional monarchy)"";""New Zealand Dollar"";""NZD"";64;13.3;6.9;""https://www.laenderdaten.info/Australien/Neuseeland/index.php""",
84.124008,28.394857,"Nicaragua;""Nicaragua"";""Nicaragua"";""NI"";""Central America"";""Managua"";6149928;130370;910;""Presidential republic"";""C??rdoba Oro"";""NIO"";505;19.9;4.8;""https://www.laenderdaten.info/Amerika/Nicaragua/index.php""",
5.291266,52.132633,"Netherlands;""Niederlande"";""Nederland"";""NL"";""Europe"";""Amsterdam"";17018408;41540;451;""Parliamentary constitutional monarchy"";""Euro"";""EUR"";31;10;8.7;""https://www.laenderdaten.info/Europa/Niederlande/index.php""",
-69.060087,12.226079,"Niger;""Niger"";""Niger"";""NE"";""Africa"";""Niamey"";20672987;1267000;0;""Semi-presidential republic"";""West African Franc"";""XOF"";227;48.4;9.9;""https://www.laenderdaten.info/Afrika/Niger/index.php""",
165.618042,-20.904305,"Nigeria;""Nigeria"";""Nigeria"";""NG"";""Africa"";""Abuja"";185989640;923770;853;""Federal presidential republic"";""Naira"";""NGN"";234;39.4;12.8;""https://www.laenderdaten.info/Afrika/Nigeria/index.php""",
174.885971,-40.900557,"Niue;""Niue"";""Niue"";""NU"";""Oceania"";""Alofi"";1626;260;64;""Parliamentary democracy"";""New Zealand Dollar"";""NZD"";683;0;0;""https://www.laenderdaten.info/Ozeanien/Niue/index.php""",
-85.207229,12.865416,"North Korea;""Nordkorea"";""Choson Minjujuui In??min Konghwaguk (Bukhan)"";""KP"";""Asia"";""Pyongyang"";25368620;120540;2495;""People's republic (communist 	one-party system)"";""Won"";""KPW"";850;13.9;8.8;""https://www.laenderdaten.info/Asien/Nordkorea/index.php""",
8.081666,17.607789,"Northern Mariana Islands;""N??rdliche Marianen"";""Northern Mariana Islands"";""MP"";""Oceania"";""Saipan"";55023;460;1482;""Presidential democracy"";""US Dollar"";""USD"";""1-670"";0;0;""https://www.laenderdaten.info/Ozeanien/Noerdliche-Marianen/index.php""",
8.675277,9.081999,"Norfolk Island;""Norfolkinsel"";""Norfolk Island"";""NF"";""Australia"";""Kingston"";2210;36;32;""Parliamentary democracy (territory of Australia)"";""Australian Dollar"";""AUD"";6723;0;0;""https://www.laenderdaten.info/Australien/Norfolkinsel/index.php""",
-169.867233,-19.054445,"Norway;""Norwegen"";""Norge"";""NO"";""Europe"";""Oslo"";5232929;385178;25148;""Parliamentary constitutional monarchy"";""Norwegian Krone"";""NOK"";47;11.4;7.8;""https://www.laenderdaten.info/Europa/Norwegen/index.php""",
167.954712,-29.040835,"Oman;""Oman"";""??Uman"";""OM"";""Asia"";""Muscat"";4424762;309500;2092;""Absolute monarchy"";""Omani Rial"";""OMR"";968;19.6;2.6;""https://www.laenderdaten.info/Asien/Oman/index.php""",
145.38469,17.33083,"Austria;""??sterreich"";""??sterreich"";""AT"";""Europe"";""Vienna"";8747358;83879;0;""Federal parliamentary republic"";""Euro"";""EUR"";43;9.8;9.6;""https://www.laenderdaten.info/Europa/Oesterreich/index.php""",
8.468946,60.472024,"East Timor;""Osttimor"";""Timor Timur"";""TL"";""Asia"";""Dili"";1268671;14870;706;""Semi-presidential republic"";""US Dollar"";""USD"";670;35.5;5.6;""https://www.laenderdaten.info/Asien/Osttimor/index.php""",
55.923255,21.512583,"Pakistan;""Pakistan"";""Pakistan"";""PK"";""Asia"";""Islamabad"";193203476;796100;1046;""Federal parliamentary republic"";""Pakistanian Rupee"";""PKR"";92;28.7;7.3;""https://www.laenderdaten.info/Asien/Pakistan/index.php""",
69.345116,30.375321,"Palestine;""Pal??stina"";""Filastin"";""PS"";""Asia"";""Ramallah"";4551566;6020;40;""Autonomous region"";""Shekel"";""ILS"";970;32.1;3.5;""https://www.laenderdaten.info/Asien/Palaestina/index.php""",
134.58252,7.51498,"Palau;""Palau"";""Belau/Palau"";""PW"";""Oceania"";;21503;460;1519;""Presidential republic"";""US Dollar"";""USD"";680;13.4;9.3;""https://www.laenderdaten.info/Ozeanien/Palau/index.php""",
-80.782127,8.537981,"Panama;""Panama"";""Panam?≠"";""PA"";""Central America"";""Panama City"";4034119;75420;2490;""Presidential republic"";""Panamanian Balboa"";""PAB"";507;19.8;5;""https://www.laenderdaten.info/Amerika/Panama/index.php""",
143.95555,-6.314993,"Papua New Guinea;""Papua-Neuguinea"";""Papua New Guinea/Papua Niugini"";""PG"";""Oceania"";""Port Moresby"";8084991;462840;5152;""Parliamentary democracy (under constitutional monarchy)"";""Kina"";""PGK"";675;27.9;7.1;""https://www.laenderdaten.info/Ozeanien/Papua-Neuguinea/index.php""",
-58.443832,-23.442503,"Paraguay;""Paraguay"";""Paraguay"";""PY"";""South America"";""Asunci??n"";6725308;406752;0;""Presidential republic"";""Guaran??"";""PYG"";595;21.1;5.7;""https://www.laenderdaten.info/Amerika/Paraguay/index.php""",
-75.015152,-9.189967,"Peru;""Peru"";""Per?ß/Piruw"";""PE"";""South America"";""Lima"";31773839;1285220;2414;""Presidential republic"";""Nuevo Sol"";""PEN"";51;19.6;5.6;""https://www.laenderdaten.info/Amerika/Peru/index.php""",
121.774017,12.879721,"Philippines;""Philippinen"";""Pilipinas"";""PH"";""Asia"";""Manila"";103320222;300000;36289;""Presidential republic"";""Philippine Peso"";""PHP"";63;23.4;6.5;""https://www.laenderdaten.info/Asien/Philippinen/index.php""",
-127.439308,-24.703615,"Pitcairn Islands;""Pitcairninseln"";""Pitcairn"";""PN"";""Oceania"";""Adamstown"";54;47;51;""Parliamentary democracy (territory of the US)"";""Sterling Pound"";""GBP"";649;0;0;""https://www.laenderdaten.info/Ozeanien/Pitcairninseln/index.php""",
19.145136,51.919438,"Poland;""Polen"";""Polska"";""PL"";""Europe"";""Warsaw"";37948016;312680;440;""Parliamentary republic"";""Zloty"";""PLN"";48;9.7;10.4;""https://www.laenderdaten.info/Europa/Polen/index.php""",
-8.224454,39.399872,"Portugal;""Portugal"";""Portugal"";""PT"";""Europe"";""Lisbon"";10324611;92225;1793;""Semi-presidential republic"";""Euro"";""EUR"";351;8.3;10.5;""https://www.laenderdaten.info/Europa/Portugal/index.php""",
-66.590149,18.220833,"Puerto Rico;""Puerto Rico"";""Puerto Rico"";""PR"";""Central America"";""San Juan"";3411307;8870;501;""Presidential democracy (unincorporated territory of the US)"";""US Dollar"";""USD"";1809;9;8.5;""https://www.laenderdaten.info/Amerika/Puerto-Rico/index.php""",
51.183884,25.354826,"Reunion;""R??union"";""R??union"";""RE"";""Africa"";""Saint-Denis"";699000;2512;0;""French overseas territory"";""Euro"";""EUR"";262;0;0;""https://www.laenderdaten.info/Afrika/Reunion/index.php""",
55.536384,-21.115141,"Rwanda;""Ruanda"";""Rwanda/Urwanda"";""RW"";""Africa"";""Kigali"";11917508;26340;0;""Presidential republic"";""Rwandan Franc"";""RWF"";250;31.8;6.1;""https://www.laenderdaten.info/Afrika/Ruanda/index.php""",
24.96676,45.943161,"Romania;""Rum??nien"";""Rom?õnia"";""RO"";""Europe"";""Bucharest"";19705301;238390;225;""Semi-presidential republic"";""Leu"";""RON"";40;9.3;13.2;""https://www.laenderdaten.info/Europa/Rumaenien/index.php""",
105.318756,61.52401,"Russia;""Russland"";""Rossija"";""RU"";""Europe"";""Moscow"";144342396;17098250;37653;""Federal republic"";""Russian Rubel"";""RUB"";7;13.3;13;""https://www.laenderdaten.info/Europa/Russland/index.php""",
29.873888,-1.940278,"Saint Martin;""Saint Martin"";""Saint Martin"";""MF"";""Central America"";""Marigot"";31949;54;59;""French overseas territory"";""Euro"";""EUR"";590;15.4;4.2;""https://www.laenderdaten.info/Amerika/Saint-Martin/index.php""",
-62.782998,17.357822,"Solomon Islands;""Salomonen"";""Solomon Islands"";""SB"";""Oceania"";""Honiara"";599419;28900;5313;""Parliamentary democracy (under constitutional monarchy)"";""Salomon Dollar"";""SBD"";677;29.3;4.9;""https://www.laenderdaten.info/Ozeanien/Salomonen/index.php""",
-60.978893,13.909444,"Zambia;""Sambia"";""Zambia"";""ZM"";""Africa"";""Lusaka"";16591390;752610;0;""Presidential republic"";""Sambian Kwacha"";""ZMW"";260;38.4;8;""https://www.laenderdaten.info/Afrika/Sambia/index.php""",
-61.287228,12.984305,"Samoa;""Samoa"";""Samoa"";""WS"";""Oceania"";""Apia"";195125;2840;403;""Parliamentary republic"";""Tala"";""WST"";685;25.1;5;""https://www.laenderdaten.info/Ozeanien/Samoa/index.php""",
-172.104629,-13.759029,"San Marino;""San Marino"";""San Marino"";""SM"";""Europe"";""San Marino"";33203;60;0;""Parliamentary republic"";""Euro"";""EUR"";378;8.2;7.1;""https://www.laenderdaten.info/Europa/San-Marino/index.php""",
12.457777,43.94236,"Saint Barthelemy;""Sankt Bartholom??us"";""Saint-Barth??lemy"";""BL"";""Central America"";""Gustavia"";7184;21;32;""Corporation of France"";""Euro"";""EUR"";590;0;0;""https://www.laenderdaten.info/Amerika/Sankt-Bartholomaeus/index.php""",
6.613081,0.18636,"Sao Tome and Principe;""S?úo Tom?? und Pr??ncipe"";""S?úo Tom?? e Pr??ncipe"";""ST"";""Africa"";""S?úo Tom??"";199910;960;209;""Semi-presidential republic"";""Dobra"";""STD"";239;34.3;6.8;""https://www.laenderdaten.info/Afrika/Sao-Tome-und-Principe/index.php""",
45.079162,23.885942,"Saudi Arabia;""Saudi-Arabien"";""Al-??Arabiya as-Sa??udiya"";""SA"";""Asia"";""Riyadh"";32275687;2149690;2640;""Absolute monarchy"";""Saudi Rial"";""SAR"";966;19.9;3.5;""https://www.laenderdaten.info/Asien/Saudi-Arabien/index.php""",
-14.452362,14.497401,"Sweden;""Schweden"";""Sverige"";""SE"";""Europe"";""Stockholm"";9903122;447420;3218;""Parliamentary constitutional monarchy"";""Swedish Krone"";""SEK"";46;11.7;9.3;""https://www.laenderdaten.info/Europa/Schweden/index.php""",
55.491977,-4.679574,"Switzerland;""Schweiz"";""Schweiz/Suisse/Svizzera/Svizra"";""CH"";""Europe"";""Bern"";8372098;41290;0;""Federal republic"";""Swiss Franc"";""CHF"";41;10.2;8.1;""https://www.laenderdaten.info/Europa/Schweiz/index.php""",
-11.779889,8.460555,"Senegal;""Senegal"";""S??n??gal/Sounougal"";""SN"";""Africa"";""Dakar"";15411614;196710;531;""Presidential republic"";""West African Franc"";""XOF"";221;36.2;6.1;""https://www.laenderdaten.info/Afrika/Senegal/index.php""",
103.819836,1.352083,"Serbia;""Serbien"";;""RS"";""Europe"";""Belgrade"";7057412;88360;0;""Parliamentary republic"";""Serbian Dinar"";""RSD"";381;9.3;14.6;""https://www.laenderdaten.info/Europa/Serbien/index.php""",
19.699024,48.669026,"Seychelles;""Seychellen"";""Sesel/Seychelles"";""SC"";""Africa"";""Victoria"";94677;460;491;""Presidential republic"";""Seychelles Rupee"";""SCR"";248;17;7.5;""https://www.laenderdaten.info/Afrika/Seychellen/index.php""",
14.995463,46.151241,"Sierra Leone;""Sierra Leone"";""Sierra Leone"";""SL"";""Africa"";""Freetown"";7396190;72300;402;""Presidential republic"";""Leone"";""SLL"";232;35.6;13;""https://www.laenderdaten.info/Afrika/Sierra-Leone/index.php""",
160.156194,-9.64571,"Zimbabwe;""Simbabwe"";""Zimbabwe"";""ZW"";""Africa"";""Harare"";16150362;390760;0;""Semi-presidential republic"";""Zimbabwe Dollar"";""ZWL"";263;33.9;8.4;""https://www.laenderdaten.info/Afrika/Simbabwe/index.php""",
46.199616,5.152149,"Singapore;""Singapur"";""Singapore/Singapura/Xinjiapo/Singapur"";""SG"";""Asia"";""Singapore"";5607283;719;193;""Parliamentary republic"";""Singapore Dollar"";""SGD"";65;9.7;4.8;""https://www.laenderdaten.info/Asien/Singapur/index.php""",
22.937506,-30.559482,"Sint Maarten;""Sint Maarten"";""Sint Maarten"";""SX"";""Central America"";""Philipsburg"";40005;34;59;""Republic (autonomous territory of the Kingdom of the Netherlands)"";""Netherlands Antillean Guilder"";""ANG"";""1-721"";14.1;4.6;""https://www.laenderdaten.info/Amerika/Sint-Maarten/index.php""",
-36.587909,-54.429579,"Slovakia;""Slowakei"";""Slovensko"";""SK"";""Europe"";""Bratislava"";5428704;49035;0;""Parliamentary republic"";""Euro"";""EUR"";42;10.3;9.9;""https://www.laenderdaten.info/Europa/Slowakei/index.php""",
-3.74922,40.463667,"Slovenia;""Slowenien"";""Slovenija"";""SI"";""Europe"";""Ljubljana"";2064845;20270;47;""Parliamentary republic"";""Euro"";""EUR"";386;10;9.6;""https://www.laenderdaten.info/Europa/Slowenien/index.php""",
80.771797,7.873054,"Somalia;""Somalia"";""Soomaaliya"";""SO"";""Africa"";""Mogadishu"";14317996;637660;3025;""Federal parliamentary republic"";""Somalian Shilling"";""SOS"";252;43.7;11.6;""https://www.laenderdaten.info/Afrika/Somalia/index.php""",
-10.030696,-24.143474,"Spain;""Spanien"";""Espa?Òa"";""ES"";""Europe"";""Madrid"";46443959;505940;4964;""Parliamentary constitutional monarchy"";""Euro"";""EUR"";34;9;9;""https://www.laenderdaten.info/Europa/Spanien/index.php""",
-56.27111,46.941936,"Sri Lanka;""Sri Lanka"";""Sri Lanka/Ilankai"";""LK"";""Asia"";""Colombo"";21203000;65610;1340;""Presidential republic"";""Sri Lanka Rupee"";""LKR"";94;15.6;6.8;""https://www.laenderdaten.info/Asien/Sri-Lanka/index.php""",
30.217636,12.862807,"Saint Helena, Ascension and Tristan da Cunha;""St. Helena"";""Saint Helena"";""SH"";""Africa"";""Jamestown"";7828;308;60;""Parliamentary democracy (limited self-governing territory of the UK)"";""St.-Helena Pound"";""SHP"";290;0;0;""https://www.laenderdaten.info/Afrika/St-Helena/index.php""",
-56.027783,3.919305,"Saint Kitts and Nevis;""St. Kitts und Nevis"";""Saint Kitts and Nevis"";""KN"";""Central America"";""Basseterre"";54821;260;135;""Federal parliamentary republic (under constitutional monarchy)"";""East Caribbean Dollar"";""XCD"";1809;17.3;10.8;""https://www.laenderdaten.info/Amerika/St-Kitts-Nevis/index.php""",
-8.5,70.9833333,"Saint Lucia;""St. Lucia"";""Saint Lucia"";""LC"";""Central America"";""Castries"";178015;620;158;""Parliamentary democracy (under constitutional monarchy)"";""East Caribbean Dollar"";""XCD"";1809;12.2;7.5;""https://www.laenderdaten.info/Amerika/St-Lucia/index.php""",
31.465866,-26.522503,"Saint Pierre and Miquelon;""St. Pierre und Miquelon"";""Saint-Pierre-et-Miquelon"";""PM"";""North America"";""Saint-Pierre"";5533;242;120;""Parliamentary democracy (territory of France)"";""Euro"";""EUR"";508;0;0;""https://www.laenderdaten.info/Amerika/St-Pierre-Miquelon/index.php""",
18.643501,60.128161,"Saint Vincent and the Grenadines;""St. Vincent und die Grenadinen"";""Saint Vincent and the Grenadines"";""VC"";""Central America"";""Kingstown"";109643;390;84;""Parliamentary democracy (under constitutional monarchy)"";""East Caribbean Dollar"";""XCD"";1809;15.8;7.1;""https://www.laenderdaten.info/Amerika/St-Vincent-Grenadinen/index.php""",
8.227512,46.818188,"South Africa;""S?¨dafrika"";""South Africa"";""ZA"";""Africa"";""Pretoria"";55908865;1219090;2798;""Parliamentary republic"";""South African Rand"";""ZAR"";27;21.3;10.1;""https://www.laenderdaten.info/Afrika/Suedafrika/index.php""",
38.996815,34.802075,"Sudan;""Sudan"";""As-Sudan"";""SD"";""Africa"";""Khartoum"";39578828;1879358;853;""Presidential republic"";""Sudanese Pound"";""SDG"";249;33.3;7.5;""https://www.laenderdaten.info/Afrika/Sudan/index.php""",
120.960515,23.69781,"South Georgia and South Sandwich Islands;""S?¨dgeorgien und die S?¨dlichen Sandwichinseln"";""South Georgia and the South Sandwich Islands"";""GS"";""South America"";""King Edward Point"";30;3903;0;""British overseas territory"";""Sterling Pound"";""GBP"";500;0;0;""https://www.laenderdaten.info/Amerika/Suedgeorgien-Sandwichinseln/index.php""",
71.276093,38.861034,"South Korea;""S?¨dkorea"";""Taehan MinÉ??guk (Namhan)"";""KR"";""Asia"";""Seoul"";51245707;100280;2413;""Presidential republic"";""Won"";""KRW"";82;8.6;5.4;""https://www.laenderdaten.info/Asien/Suedkorea/index.php""",
34.888822,-6.369028,"South Sudan;""S?¨dsudan"";""Republic of South Sudan"";""SS"";""Africa"";""Juba"";12230730;644330;0;""Presidential republic"";""South Sudanese Pound"";""SSP"";211;36.3;11.2;""https://www.laenderdaten.info/Afrika/Suedsudan/index.php""",
100.992541,15.870032,"Suriname;""Suriname"";""Suriname"";""SR"";""South America"";""Paramaribo"";558368;163820;386;""Presidential republic"";""Surinam Dollar"";""SRD"";597;18.4;7.3;""https://www.laenderdaten.info/Amerika/Suriname/index.php""",
0.824782,8.619543,"Svalbard;""Svalbard und Jan Mayen"";""Svalbard og Jan Mayen"";""SJ"";""Europe"";""Longyearbyen"";2667;62045;124;""Territory of Norway"";""Norwegian Krone"";""NOK"";47;0;0;""https://www.laenderdaten.info/Europa/Svalbard-und-Jan-Mayen/index.php""",
-171.855881,-8.967363,"Swaziland;""Swasiland"";""kaNgwane"";""SZ"";""Africa"";""Mbabane"";1343098;17360;0;""Absolute monarchy"";""Swazi Lilangeni"";""SZL"";268;29.3;9.9;""https://www.laenderdaten.info/Afrika/Swasiland/index.php""",
-175.198242,-21.178986,"Syria;""Syrien"";""Suriya"";""SY"";""Asia"";""Damascus"";18430453;185180;193;""Presidential republic"";""Syrian Pound"";""SYP"";963;22.2;5.6;""https://www.laenderdaten.info/Asien/Syrien/index.php""",
-61.222503,10.691803,"Tajikistan;""Tadschikistan"";""To??ikiston"";""TJ"";""Asia"";""Dushanbe"";8734951;141376;0;""Presidential republic"";""Somoni"";""TJS"";992;29.3;5.2;""https://www.laenderdaten.info/Asien/Tadschikistan/index.php""",
9.537499,33.886917,"Taiwan;""Taiwan"";""TÉ??ai-wan"";""TW"";""Asia"";""Taipei"";23508428;35980;1566;""Semi-presidential republic"";""New Taiwan Dollar"";""TWD"";886;0;0;""https://www.laenderdaten.info/Asien/Taiwan/index.php""",
35.243322,38.963745,"Tanzania;""Tansania"";""Tanzania"";""TZ"";""Africa"";""Dodoma"";55572201;947300;1424;""Presidential republic"";""Tansanian Shilling"";""TZS"";255;38.6;7;""https://www.laenderdaten.info/Afrika/Tansania/index.php""",
59.556278,38.969719,"Thailand;""Thailand"";""Prathet Thai"";""TH"";""Asia"";""Bangkok"";68863514;513120;3219;""Constitutional monarchy (interim military-government since May 2014)"";""Thai Baht"";""THB"";66;10.6;7.8;""https://www.laenderdaten.info/Asien/Thailand/index.php""",
-71.797928,21.694025,"Togo;""Togo"";""Togo"";""TG"";""Africa"";""Lom??"";7606374;56790;56;""Presidential republic"";""West African Franc"";""XOF"";228;34.5;8.8;""https://www.laenderdaten.info/Afrika/Togo/index.php""",
177.64933,-7.109535,"Tokelau;""Tokelau"";""Tokelau"";""TK"";""Oceania"";;1500;12;101;""Parliamentary democracy (territory of New Zealand)"";""New Zealand Dollar"";""NZD"";690;0;0;""https://www.laenderdaten.info/Ozeanien/Tokelau/index.php""",
32.290275,1.373333,"Tonga;""Tonga"";""Tonga"";""TO"";""Oceania"";""NukuÉ??alofa"";107122;750;419;""constitutional monarchy"";""Pa'anga"";""TOP"";676;24.4;6;""https://www.laenderdaten.info/Ozeanien/Tonga/index.php""",
31.16558,48.379433,"Trinidad and Tobago;""Trinidad und Tobago"";""Trinidad and Tobago"";""TT"";""Central America"";""Port-of-Spain"";1364962;5130;362;""Parliamentary republic"";""Trinidad and Tobago Dollar"";""TTD"";296;14;9.5;""https://www.laenderdaten.info/Amerika/Trinidad-und-Tobago/index.php""",
53.847818,23.424076,"Chad;""Tschad"";""Tchad/Tshad"";""TD"";""Africa"";""N'Djamena"";14452543;1284000;0;""Presidential republic"";""Central African Franc"";""XAF"";235;43.9;13.2;""https://www.laenderdaten.info/Afrika/Tschad/index.php""",
-3.435973,55.378051,"Czech Republic;""Tschechien"";;""CZ"";""Europe"";""Prague"";10561633;78870;0;""Parliamentary republic"";""Czech Krone"";""CZK"";42;10.5;10.5;""https://www.laenderdaten.info/Europa/Tschechien/index.php""",
-95.712891,37.09024,"Tunisia;""Tunesien"";""Tunis/Tunisie"";""TN"";""Africa"";""Tunis"";11403248;163610;1148;""Parliamentary republic"";""Tunesian Dinar"";""TND"";216;18.6;6.4;""https://www.laenderdaten.info/Afrika/Tunesien/index.php""",
-177.3666667,28.2166667,"Turkey;""T?¨rkei"";""T?¨rkiye"";""TR"";""Asia"";""Ankara"";79512426;785350;7200;""Parliamentary republic"";""Turkish Lira"";""TRY"";90;16.5;5.8;""https://www.laenderdaten.info/Asien/Tuerkei/index.php""",
-55.765835,-32.522779,"Turkmenistan;""Turkmenistan"";""T?¨rkmenostan"";""TM"";""Asia"";""Ashgabat"";5662544;488100;0;""Presidential republic"";""Manat"";""TMT"";993;26;7.1;""https://www.laenderdaten.info/Asien/Turkmenistan/index.php""",
64.585262,41.377491,"Turks and Caicos Islands;""Turks und Caicosinseln"";""The Turks and Caicos Islands"";""TC"";""Central America"";""Cockburn Town"";34900;950;389;""Parliamentary democracy (self-governing territory of the UK)"";""US Dollar"";""USD"";""1-649"";0;0;""https://www.laenderdaten.info/Amerika/Turks-und-Caicosinseln/index.php""",
166.959158,-15.376706,"Tuvalu;""Tuvalu"";""Tuvalu"";""TV"";""Oceania"";""Funafuti"";11097;30;24;""Parliamentary democracy (under constitutional monarchy)"";""Tuvaluan Dollar"";""TVD"";688;0;0;""https://www.laenderdaten.info/Ozeanien/Tuvalu/index.php""",
-10.8156163,6.3158904,"Uganda;""Uganda"";""Uganda"";""UG"";""Africa"";""Kampala"";41487965;241550;0;""Presidential republic"";""Ugandan Schilling"";""UGX"";256;42.6;8.9;""https://www.laenderdaten.info/Afrika/Uganda/index.php""",
-66.58973,6.42375,"Ukraine;""Ukraine"";""Ukrajina"";""UA"";""Europe"";""Kiev"";45004645;603550;2782;""Semi-presidential republic"";""Hrywnja"";""UAH"";380;10.7;14.9;""https://www.laenderdaten.info/Europa/Ukraine/index.php""",
108.277199,14.058324,"Hungary;""Ungarn"";""Magyarorsz?≠g"";""HU"";""Europe"";""Budapest"";9817958;93030;0;""Parliamentary republic"";""Hungarian Forint"";""HUF"";36;9.4;13.4;""https://www.laenderdaten.info/Europa/Ungarn/index.php""",
-178.1193763,-14.2903576,"Uruguay;""Uruguay"";""Uruguay"";""UY"";""South America"";""Montevideo"";3444006;176220;660;""Presidential republic"";""Uruguay Peso"";""UYU"";598;14.1;9.4;""https://www.laenderdaten.info/Amerika/Uruguay/index.php""",
-12.885834,24.215527,"Uzbekistan;""Usbekistan"";""Uzbekiston"";""UZ"";""Asia"";""Tashkent"";31848200;447400;0;""Presidential republic"";""Uzbekistan Sum"";""UZS"";998;23.5;4.9;""https://www.laenderdaten.info/Asien/Usbekistan/index.php""",
48.516388,15.552727,"Vanuatu;""Vanuatu"";""Vanuatu"";""VU"";""Oceania"";""Port-Vila"";270402;12190;2528;""Parliamentary republic"";""Vatu"";""VUV"";678;26.2;4.8;""https://www.laenderdaten.info/Ozeanien/Vanuatu/index.php""",
-115.5227574,32.6302308,"Holy See (Vatican City);""Vatikanstadt"";""Santa Sede/Citt?ˇ del Vaticano"";""VA"";""Europe"";;1000;0;0;""Absolute monarchy"";""Euro"";""EUR"";396;0;0;""https://www.laenderdaten.info/Europa/Vatikan/index.php""",
21.758664,-4.038333,"Venezuela;""Venezuela"";""Venezuela"";""VE"";""South America"";""Caracas"";31568179;912050;2800;""Federal presidential republic"";""Venezuelan bol??var Fuerte"";""VEF"";58;19.3;5.6;""https://www.laenderdaten.info/Amerika/Venezuela/index.php""",
27.849332,-13.133897,"United Arab Emirates;""Vereinigte Arabische Emirate"";""Al-Imarat al-??Arabiya al-Muttahida"";""AE"";""Asia"";""Abu Dhabi"";9269612;83600;1318;""Federation of autonomous monarchies"";""UAE Dirham"";""AED"";971;9.9;1.6;""https://www.laenderdaten.info/Asien/Arabische-Emirate/index.php""",
29.154857,-19.015438,"United States;""Vereinigte Staaten von Amerika"";""United States"";""US"";""North America"";""Washington"," D.C."";323127513;9831510;19924;""Federal presidential republic"";""US Dollar"";""USD"";1;12.4;8.2;""https://www.laenderdaten.info/Amerika/USA/index.php"""
-64.7458767,18.3448229,"United Kingdom;""Vereinigtes K??nigreich"";""United Kingdom"";""GB"";""Europe"";""London"";65637239;243610;12429;""Parliamentary constitutional monarchy"";""Sterling Pound"";""GBP"";44;11.9;9.3;""https://www.laenderdaten.info/Europa/Vereinigtes-Koenigreich/index.php""",
20.28,44.48,"Vietnam;""Vietnam"";""Vi?¶t Nam"";""VN"";""Asia"";""Hanoi"";92701100;330967;3444;""Republic (communist one-party system)"";""Dong"";""VND"";84;16.9;5.8;""https://www.laenderdaten.info/Asien/Vietnam/index.php""",
19.37439,42.708678,"Wallis and Futuna;""Wallis und Futuna"";""Wallis-et-Futuna"";""WF"";""Oceania"";""Mata-Utu"";15714;142;129;""Parliamentary democracy (territory of France)"";""Pacific Franc"";""XPF"";681;0;0;""https://www.laenderdaten.info/Ozeanien/Wallis-und-Futuna/index.php""",
21.005859,44.016521,"Christmas Island;""Weihnachtsinsel"";""Christmas Island"";""CX"";""Australia"";""Flying Fish Cove"";2205;135;139;""(non-self-governing territory of Australia)"";""Australian Dollar"";""AUD"";6724;0;0;""https://www.laenderdaten.info/Australien/Weihnachtsinsel/index.php""",
125.727539,-8.874217,"Western Sahara;""Westsahara"";""As-Sahrawiya"";""EH"";""Africa"";""El Aai?ßn"";603253;266000;1110;""republic"";""Moroccan Dirham"";""MAD"";;0;0;""https://www.laenderdaten.info/Afrika/Westsahara/index.php""",
48.516388,15.552727,"Central African Republic;""Zentralafrikanische Republik"";""Centrafrique/B?¶-Afr??ka"";""CF"";""Africa"";""Bangui"";4594621;622980;0;""Presidential republic"";""Central African Franc"";""XAF"";236;36.1;14;""https://www.laenderdaten.info/Afrika/Zentralafrikanische-Republik/index.php""",
48.516388,15.552727,"Cyprus;""Zypern"";""K?´pros/Kibris"";""CY"";""Asia"";""Nicosia"";1170125;9250;648;""Presidential democracy"";""Euro"";""EUR"";357;11;6.8;""https://www.laenderdaten.info/Asien/Zypern/index.php""",
